{"mod-_noteskin_": 110.16372141276634, "mod-_x": 822.2734787111553, "mod-approachtype": 327.0971321955125, "mod-beat": 705.2624255980141, "mod-bumpy-bumpyz": 400.6144148476027, "mod-bumpyx": 171.5563256789195, "mod-centered": 419.81187478611446, "mod-centered2": 187.55433906213682, "mod-clearall": 958.7065618932228, "mod-confusion": 579.1533361872704, "mod-cross": 162.24962197975128, "mod-digital": 88.58665367965641, "mod-disablemines": 145.0507967024128, "mod-dizzy": 615.991009837682, "mod-dizzyholds": 532.4831115132397, "mod-drunk": 662.8511013220649, "mod-flip": 765.352748439762, "mod-globalmodtimer-modtimer-timer": 474.5335166088412, "mod-hidden": 818.2026490683215, "mod-hide": 690.0743431285847, "mod-hidemines": 168.00771720098302, "mod-incoming": 49.03300024787815, "mod-invert": 699.4154810019725, "mod-longboy-longboys-longholds": 183.07745903042195, "mod-mini": 425.18449693176433, "mod-movex": 331.3823126550748, "mod-movey": 205.48393866691703, "mod-movez": 152.26116337694387, "mod-overhead": 683.1246507338345, "mod-parabolax": 63.90222677877891, "mod-rotationx": 497.4936905174786, "mod-rotationy": 509.1275340543492, "mod-rotationz": 749.3448972125688, "mod-stealth": 685.9322783663824, "mod-stealthpastreceptors": 477.7560342621929, "mod-sudden": 295.84211495337155, "mod-tiny": 164.62155958594613, "mod-tinyz": 128.04529882218893, "mod-tipsy": 369.065203016837, "mod-tornado": 350.7315684888691, "mod-vanish": 26.251596220976886, "mod-x": 1883.558945483378, "mod-y": 2351.0590028801016, "mod-z": 1419.7480600031577, "mod-zigzag": 119.32844080742976, "mod-zoom": 1285.4009367503443, "mod-zoomx": 632.9506601958641, "mod-zoomy": 616.5687728364098, "mod-zoomz": 391.5843659772056, "mod-right": 716.3543185135521, "mod-arrowpath": 179.855862729597, "mod-attenuate": 79.65007550293771, "mod-attenuatex": 60.886326807634454, "mod-brake-land": 339.8214004460606, "mod-confusionx": 337.3518281776171, "mod-confusiony": 327.4284701481917, "mod-cover": 587.5602387308616, "mod-dark": 583.6010319274247, "mod-distant": 181.04993843169964, "mod-drawsize": 358.81086090920616, "mod-hallway": 173.6204666538584, "mod-left": 701.6235580895592, "mod-parabolaz": 82.91678764855398, "mod-random": 558.1278311116839, "mod-reverse": 760.1259813811789, "mod-roll": 78.65408692886602, "mod-spiralholds-holdtype": 196.01313183779, "mod-spiralx": 112.94058249226286, "mod-stealthgreen-stealthg": 85.1340558506235, "mod-stealthglowred-stealthgr": 79.44341382153, "mod-tinyx": 157.5055589470327, "mod-tinyy": 169.77444139685787, "mod-wave": 359.7993244431205, "mod-zbuffer": 166.04880599229725, "mod-m_": 608.5667007411948, "mod-quick": 550.9436183782334, "mod-turn": 559.6972292885457, "mod-bounce": 444.15179996887144, "mod-pulse": 309.9767937510419, "mod-drawsizeback": 298.52017431807155, "mod-drunkz": 144.1708621489601, "mod-halgun": 127.65280798842623, "mod-space": 175.61211940865255, "mod-square": 140.3456221709308, "mod-wireframe": 42.91736280202159, "mod-hideholds": 16.984036891563395, "mod-hidenoteflash-hidenoteflashes": 285.24557193714963, "mod-skewx": 207.2750709531736, "mod-bouncez": 35.97906906624556, "mod-bumpyy": 65.0998055257251, "mod-grain-granulate": 165.26996779257217, "mod-noteskew-noteskewx": 167.73070278688778, "mod-orient": 96.32257174333711, "mod-receptorzbuffer": 55.40231774471933, "mod-stealthtype": 132.20869936662555, "mod-twirl": 38.63842183473341, "mod-drawsizefront": 3.0393687844168658, "mod-sawtooth": 55.074287096514496, "mod-skewy": 58.35590786329566, "mod-tanbumpy-tanbumpyz": 56.73149542240091, "mod-tandrunk": 79.30933800762995, "mod-tanexpand": 12.566778992356376, "mod-confusionz": 212.82126253342807, "mod-cubicx": 45.88779458364806, "mod-cubicz": 45.97225628526359, "mod-noteskewy": 27.66867228001149, "mod-pulseouter": 16.437048180931317, "mod-pulseperiod": 22.179422402014225, "mod-mirror": 26.389992253489616, "mod-holdgirth": 32.227347939820184, "mod-shrinklinear": 40.33619393352378, "mod-boost": 173.52695075358974, "mod-beaty": 48.255265328069186, "mod-beatz": 60.388147231098586, "mod-expand": 86.06020012359954, "mod-blink": 50.07146167832163, "mod-ztest": 71.20683577176293, "mod-blind": 171.46432156227354, "mod-little": 61.530083154362664, "mod-big": 88.42048954944674, "mod-split": 197.49299690290383, "mod-spiralz": 70.26601360994107, "mod-attenuatez": 18.419470294801286, "mod-digitalz": 25.921731131214468, "mod-holdstealth": 20.51649531378262, "mod-pulseinner": 23.782926472967105, "mod-spiraly": 64.67516110907539, "mod-stealthglowblue-stealthgb": 57.854857590549784, "mod-stealthglowgreen-stealthgg": 58.86213307423671, "mod-tanbumpyx": 35.58364899759529, "mod-tanclip": 13.559229268219193, "mod-tantipsy": 45.13938363319257, "mod-tantornado": 46.44208332835225, "mod-alternate": 212.51337313593362, "mod-c_": 136.7560440694574, "mod-tornadoz": 61.64118889458361, "mod-hiddenred-hiddenr": 38.96187633256961, "mod-zigzagz": 39.81302930956811, "mod-pulseoffset": 10.48188078230138, "mod-tandrunkz": 33.07140945243388, "mod-boomerang": 26.397071373131382, "mod-holdcull": 6.4318666671431295, "mod-holdtiny": 13.945931818648347, "mod-noteskin": 28.557604165688467, "mod-stealthred-stealthr": 23.919126987631728, "mod-glitchytan-cosec": 13.04812375599001, "mod-stealthblue-stealthb": 21.423852885552332, "mod-suddenblue-suddenb": 6.616257088846882, "mod-suddengreen-suddeng": 6.616257088846882, "mod-suddenred-suddenr": 5.860113421550095, "mod-drunky": 52.29590895812539, "mod-splinez_": 2.361350185244901, "mod-tandigital": 25.106128652081814, "mod-tantornadoz": 21.881379776023945, "mod-gayholds": 58.16502573700496, "mod-straightholds": 24.359071120496253, "mod-skewtype": 9.145764916506161, "mod-tandrunky": 4.3929403945211005, "mod-tanpulse": 3.9717282862262833, "mod-squarez": 29.05273915071303, "mod-randomize": 6.840978827944546, "mod-manualnoteflash-hidenotepress": 4.754628521195966, "mod-parabolay": 17.34098820175455, "mod-shrinkmult": 18.005485371949526, "mod-mines": 45.43484024727256, "mod-minestealth": 12.705730339068927, "mod-floored": 2.310883680375642, "mod-skippy": 3.3648393194706996, "mod-hiddenblue-hiddenb": 2.3966466769394956, "mod-sawtoothz": 16.8850743505782, "mod-diffuse_": 2.4952741020793954, "mod-twister": 4.721301757791554, "mod-stealthglow_": 9.15889949042, "mod-wide": 36.564202482007595, "mod-spline_x_": 9.01506000931103, "mod-spline_z_": 3.8633422475071777, "mod-shrinklineary": 5.633270321361059, "mod-tandigitalz": 16.176447643165467, "mod-addscore": 4.01495114620693, "mod-drawdistance": 8.595968686037606, "mod-shrinklinearz": 9.461383049099146, "mod-stomp": 5.103969754253309, "mod-cubicy": 3.8941398865784507, "mod-spline_y_": 8.080190042798543, "mod-randomspeed": 7.375294993899019, "mod-shrinklinearx": 4.69273623236052, "mod-shuffle": 15.192779461155153, "mod-arrowcull": 6.405639342679899, "mod-fadebottom_": 1.7391304347826089, "mod-tanbumpyy": 12.098230566661973, "mod-spliney_": 9.766270799373524, "mod-asymptote": 6.007768697224496, "mod-shrinkmultz": 4.007561436672969, "mod-echo": 8.256760088764693, "mod-converge": 4.891920769293993, "mod-swapsides": 0.8695652173913044, "mod-scrollspeedmult": 5.619363379373364, "mod-spline_rotz_": 2.123451520479886, "mod-splinerotzoffset_": 2.0580364805996476, "mod-splinestealth_": 4.178605688152331, "mod-splinetiny_": 1.625708884688091, "mod-splinex_": 4.061733008774245, "mod-splinesize_": 0.6575162324319883, "mod-nohands": 2.4952741020793954, "mod-noholds": 2.4952741020793954, "mod-nojumps": 2.4952741020793954, "mod-nomines": 2.4952741020793954, "mod-planted": 2.4952741020793954, "mod-randomvanish": 3.067027347672429, "mod-smartblender": 8.397840202114775, "mod-ultraman": 1.625708884688091, "mod-cosclip": 1.8728935908099569, "mod-hiddengreen-hiddeng": 1.7391304347826089, "mod-shrinkmultx": 0.8695652173913044, "mod-shrinkmulty": 0.8695652173913044, "mod-sinclip": 4.454683147814245, "mod-texturefilteroff": 1.512287334593573, "mod-drawdistanceback": 2.396646667214597, "mod-supershuffle": 0.8695652173913044,